{"cameraMode":{"drawMode":0,"name":"Shaded","section":"Shading Mode"},"sceneLighting":true,"audioPlay":false,"sceneViewState":{"m_AlwaysRefresh":false,"showFog":true,"showSkybox":true,"showFlares":true,"showImageEffects":true,"showParticleSystems":true,"showVisualEffectGraphs":true,"m_FxEnabled":true},"in2DMode":false,"pivot":{"x":0.20440459251403809,"y":0.224517822265625,"z":0.02857494354248047},"rotation":{"x":0.3184438645839691,"y":0.21498161554336549,"z":-0.07439340651035309,"w":0.9202350974082947},"size":3.477769613265991,"orthographic":false}