{"cameraMode":{"drawMode":0,"name":"Shaded","section":"Shading Mode"},"sceneLighting":true,"audioPlay":false,"sceneViewState":{"m_AlwaysRefresh":false,"showFog":true,"showSkybox":true,"showFlares":true,"showImageEffects":true,"showParticleSystems":true,"showVisualEffectGraphs":true,"m_FxEnabled":true},"in2DMode":false,"pivot":{"x":-0.0011966228485107422,"y":0.6458451747894287,"z":-0.9327598810195923},"rotation":{"x":-0.1394256353378296,"y":0.7421732544898987,"z":-0.16296327114105225,"w":-0.6349617838859558},"size":1.7260187864303589,"orthographic":false}