{"cameraMode":{"drawMode":0,"name":"Shaded","section":"Shading Mode"},"sceneLighting":true,"audioPlay":false,"sceneViewState":{"m_AlwaysRefresh":false,"showFog":true,"showSkybox":true,"showFlares":true,"showImageEffects":true,"showParticleSystems":true,"showVisualEffectGraphs":true,"m_FxEnabled":true},"in2DMode":false,"pivot":{"x":-3.521686553955078,"y":2.1926112174987795,"z":12.517318725585938},"rotation":{"x":0.057869404554367068,"y":0.8739545941352844,"z":-0.10750721395015717,"w":0.4704273045063019},"size":3.753523111343384,"orthographic":true}