{"cameraMode":{"drawMode":0,"name":"Shaded","section":"Shading Mode"},"sceneLighting":true,"audioPlay":false,"sceneViewState":{"m_AlwaysRefresh":false,"showFog":true,"showSkybox":true,"showFlares":true,"showImageEffects":true,"showParticleSystems":true,"showVisualEffectGraphs":true,"m_FxEnabled":true},"in2DMode":false,"pivot":{"x":1345.8236083984375,"y":721.4476318359375,"z":51.63525390625},"rotation":{"x":-0.000042780717194546014,"y":0.9998801350593567,"z":-0.01514718122780323,"w":-0.0027041854336857797},"size":951.7135009765625,"orthographic":false}