{"cameraMode":{"drawMode":0,"name":"Shaded","section":"Shading Mode"},"sceneLighting":true,"audioPlay":false,"sceneViewState":{"m_AlwaysRefresh":false,"showFog":true,"showSkybox":true,"showFlares":true,"showImageEffects":true,"showParticleSystems":true,"showVisualEffectGraphs":true,"m_FxEnabled":true},"in2DMode":false,"pivot":{"x":0.33034229278564455,"y":1.1706609725952149,"z":-0.17455768585205079},"rotation":{"x":0.02278944104909897,"y":0.3131454885005951,"z":-0.007517557125538588,"w":0.9493902921676636},"size":2.0886402130126955,"orthographic":true}