{"cameraMode":{"drawMode":0,"name":"Shaded","section":"Shading Mode"},"sceneLighting":false,"audioPlay":false,"sceneViewState":{"m_AlwaysRefresh":false,"showFog":true,"showSkybox":false,"showFlares":true,"showImageEffects":true,"showParticleSystems":true,"showVisualEffectGraphs":true,"m_FxEnabled":true},"in2DMode":false,"pivot":{"x":1.1920928955078126e-7,"y":0.6802572011947632,"z":-0.08300894498825073},"rotation":{"x":0.058197710663080218,"y":0.09568915516138077,"z":-0.005604013334959745,"w":0.9936959743499756},"size":3.8600196838378908,"orthographic":false}